,commute_friendliness,life_score,growth_score,opportunity_score,housing_friendliness
commute_friendliness,0.0,0.0002460079779722063,6.066143021729969e-06,0.0004673267561781759,0.0041902329602981365
life_score,0.0002460079779722063,0.0,0.002065209744690791,0.0019129636009785611,0.01984642197018114
growth_score,6.066143021729969e-06,0.002065209744690791,0.0,3.243373143346797e-05,0.002065209744690791
opportunity_score,0.0004673267561781759,0.0019129636009785611,3.243373143346797e-05,0.0,0.0002752442706954192
housing_friendliness,0.0041902329602981365,0.01984642197018114,0.002065209744690791,0.0002752442706954192,0.0
