,commute_friendliness,life_score,growth_score,opportunity_score,housing_friendliness
commute_friendliness,0.0,5.761105255286486e-06,0.004572736173483739,0.003055534193653321,0.0009259391543268853
life_score,5.761105255286486e-06,0.0,0.008092133545583708,0.004775817788440747,0.0014684225988034116
growth_score,0.004572736173483739,0.008092133545583708,0.0,9.953911559897124e-05,0.00824072642986435
opportunity_score,0.003055534193653321,0.004775817788440747,9.953911559897124e-05,0.0,6.1247761039699286e-06
housing_friendliness,0.0009259391543268803,0.0014684225988034116,0.008240726429864322,6.1247761039699286e-06,0.0
