,commute_friendliness,life_score,growth_score,opportunity_score,housing_friendliness
commute_friendliness,1.0,0.8972808866545111,0.688080838866156,0.7094286078308214,-0.7634695305220519
life_score,0.8972808866545111,1.0,0.6546276049290274,0.6856726289050741,-0.7440728567304599
growth_score,0.688080838866156,0.6546276049290274,1.0,0.8370089411254279,-0.6534928751925687
opportunity_score,0.7094286078308214,0.6856726289050742,0.8370089411254277,1.0,-0.896268850178084
housing_friendliness,-0.763469530522052,-0.74407285673046,-0.6534928751925688,-0.896268850178084,1.0
