,commute_friendliness,life_score,growth_score,opportunity_score,housing_friendliness
commute_friendliness,1.0,0.8107142857142855,0.8964285714285712,0.7892857142857141,-0.6928571428571427
life_score,0.8107142857142855,1.0,0.7285714285714285,0.7321428571428571,-0.5928571428571427
growth_score,0.8964285714285712,0.7285714285714285,1.0,0.8642857142857141,-0.7285714285714285
opportunity_score,0.7892857142857141,0.7321428571428571,0.8642857142857141,1.0,-0.807142857142857
housing_friendliness,-0.6928571428571427,-0.5928571428571427,-0.7285714285714285,-0.807142857142857,1.0
