,commute_friendliness,life_score,growth_score,opportunity_score,housing_friendliness
commute_friendliness,0.0,5.761105255286405e-06,0.004572736173483739,0.0030635466934341776,0.0009259391543268853
life_score,5.761105255286405e-06,0.0,0.008092133545583708,0.0047946222715879025,0.0014684225988034116
growth_score,0.004572736173483739,0.008092133545583708,0.0,0.00010073281121037976,0.00824072642986435
opportunity_score,0.0030635466934341776,0.0047946222715879025,0.00010073281121037976,0.0,6.071976140970885e-06
housing_friendliness,0.0009259391543268853,0.0014684225988034116,0.00824072642986435,6.071976140970885e-06,0.0
