,commute_friendliness,life_score,growth_score,opportunity_score,housing_friendliness
commute_friendliness,1.0,0.8972808866545112,0.688080838866156,0.7092955088152939,-0.7634695305220519
life_score,0.8972808866545112,1.0,0.6546276049290275,0.6854537711564207,-0.74407285673046
growth_score,0.688080838866156,0.6546276049290275,1.0,0.8366892886357695,-0.6534928751925686
opportunity_score,0.7092955088152939,0.6854537711564207,0.8366892886357695,1.0,-0.896412624083453
housing_friendliness,-0.7634695305220519,-0.74407285673046,-0.6534928751925686,-0.896412624083453,1.0
